Continent,Brand,Sales_Channel,Units_Sold,Unit_Price,Discount,Revenue
Asia,Lexus,Online,304,283.19,0.1,77480.78
Australia,Nissan,Retail,450,176.23,0.21,62649.76
Africa,Honda,Retail,454,161.02,0.47,38744.63
Asia,Honda,Retail,412,387.07,0.22,124388.82
Asia,Honda,Retail,117,47.78,0.44,3130.55
Australia,Honda,Online,221,122.21,0.3,18905.89
Africa,Hyundai,Retail,154,367.56,0.12,49811.73
Africa,Honda,Online,153,276.42,0.18,34679.65
Asia,Hyundai,Online,12,68.35,0.04,787.39
Europe,Hyundai,Online,133,441.66,0.17,48754.85
Asia,Honda,Online,482,199.76,0.34,63547.65
Asia,Honda,Online,304,414.79,0.04,121052.31
Asia,Lexus,Retail,293,394.92,0.1,104140.4
Asia,Nissan,Retail,463,314.09,0.19,117793.17
Australia,Honda,Retail,300,249.77,0.49,38214.81
Africa,Lexus,Retail,228,489.88,0.39,68132.51
Australia,Lexus,Online,271,76.76,0.37,13105.23
Australia,Nissan,Retail,43,363.95,0.06,14710.86
Australia,Hyundai,Online,432,99.64,0.39,26257.13
Asia,Honda,Retail,343,172.44,0.39,36079.62
Europe,Nissan,Online,326,157.81,0.3,36012.24
Africa,Honda,Online,302,473.78,0.5,71540.78
Europe,Lexus,Retail,498,483.84,0.16,202399.95
Australia,Lexus,Online,364,95.59,0.47,18441.22
Australia,Hyundai,Online,379,15.91,0.46,3256.14
Europe,Lexus,Retail,427,361.4,0.01,152774.62
Europe,Lexus,Online,493,211.91,0.23,80443.16
Europe,Nissan,Retail,21,48.98,0.49,524.58
Australia,Honda,Retail,407,343.46,0.05,132798.81
Australia,Honda,Retail,107,274.83,0.27,21466.97
Africa,Nissan,Online,336,490.36,0.49,84028.09
Africa,Hyundai,Online,303,117.57,0.28,25649.07
Australia,Honda,Online,117,204.97,0.09,21823.16
Europe,Lexus,Retail,124,273.56,0.29,24084.22
Europe,Honda,Online,399,396.89,0.1,142523.2
Africa,Lexus,Retail,281,276.68,0.26,57532.84
Australia,Hyundai,Retail,292,308.39,0.04,86447.88
Africa,Nissan,Online,203,116.94,0.3,16617.17
Africa,Honda,Retail,51,424.22,0.26,16010.06
Asia,Nissan,Online,271,217.17,0.37,37077.43
Asia,Honda,Online,324,74.78,0.32,16475.53
Asia,Lexus,Online,277,333.77,0.27,67491.63
Europe,Nissan,Online,141,111.96,0.34,10419.0
Australia,Honda,Online,470,53.29,0.07,23293.06
Australia,Lexus,Retail,275,431.68,0.3,83098.4
Australia,Nissan,Retail,290,232.78,0.09,61430.64
Australia,Nissan,Retail,334,375.9,0.46,67797.32
Asia,Honda,Online,381,148.84,0.03,55006.8
Europe,Honda,Online,452,394.55,0.22,139102.55
Europe,Honda,Online,496,60.41,0.35,19476.18
Asia,Lexus,Retail,373,181.21,0.23,52045.32
Europe,Honda,Online,52,489.14,0.05,24163.52
Asia,Nissan,Retail,494,398.02,0.28,141567.75
Australia,Nissan,Retail,27,251.14,0.32,4610.93
Asia,Honda,Online,157,173.19,0.35,17674.04
Australia,Honda,Online,239,436.71,0.19,84542.69
Australia,Hyundai,Retail,156,274.7,0.28,30854.3
Africa,Nissan,Online,291,380.42,0.23,85240.71
Asia,Lexus,Retail,136,378.28,0.34,33954.41
Africa,Hyundai,Online,144,13.88,0.29,1419.09
Asia,Honda,Online,106,67.5,0.26,5294.7
Asia,Honda,Retail,420,331.52,0.12,122529.79
Africa,Nissan,Online,158,85.0,0.0,13430.0
Africa,Honda,Retail,146,131.47,0.09,17467.1
Asia,Lexus,Online,2,473.59,0.06,890.35
Europe,Nissan,Retail,433,282.29,0.22,95340.62
Australia,Honda,Retail,77,376.61,0.31,20009.29
Africa,Nissan,Online,132,281.2,0.11,33035.38
Australia,Honda,Retail,90,278.49,0.47,13283.97
Europe,Honda,Online,345,51.61,0.0,17805.45
Europe,Honda,Online,350,175.11,0.39,37385.98
Europe,Lexus,Online,459,144.8,0.31,45859.61
Africa,Lexus,Retail,263,198.41,0.19,42267.28
Europe,Nissan,Retail,351,400.18,0.03,136249.28
Africa,Honda,Online,108,189.11,0.31,14092.48
Europe,Honda,Online,74,228.59,0.19,13701.68
Australia,Lexus,Retail,39,201.7,0.47,4169.14
Australia,Honda,Online,397,51.24,0.27,14849.86
Asia,Lexus,Online,159,223.33,0.47,18820.02
Australia,Honda,Retail,71,101.83,0.11,6434.64
Asia,Nissan,Online,447,97.43,0.36,27872.77
Australia,Honda,Retail,312,51.55,0.31,11097.68
Africa,Honda,Online,241,181.55,0.37,27564.74
Australia,Hyundai,Retail,426,379.95,0.11,144054.24
Asia,Lexus,Online,445,141.84,0.33,42289.6
Asia,Honda,Online,298,159.61,0.25,35672.84
Europe,Honda,Retail,440,323.12,0.37,89568.86
Africa,Hyundai,Online,36,101.94,0.16,3082.67
Australia,Hyundai,Retail,84,448.99,0.45,20743.34
Europe,Lexus,Online,452,262.49,0.04,113899.66
Australia,Hyundai,Retail,374,226.56,0.4,50840.06
Australia,Nissan,Retail,263,281.12,0.43,42142.7
Europe,Hyundai,Retail,310,87.19,0.41,15947.05
Europe,Nissan,Retail,385,308.67,0.26,87940.08
Europe,Lexus,Online,172,184.73,0.22,24783.38
Europe,Lexus,Online,376,449.11,0.5,84432.68
Europe,Lexus,Retail,173,88.58,0.11,13638.66
Australia,Lexus,Retail,362,255.99,0.27,67647.92
Europe,Lexus,Retail,47,301.07,0.34,9339.19
Africa,Nissan,Online,379,21.52,0.35,5301.45
Asia,Nissan,Online,141,185.03,0.1,23480.31
Europe,Lexus,Online,375,367.65,0.33,92372.06
Europe,Hyundai,Online,406,411.09,0.41,98472.5
Australia,Honda,Retail,118,160.02,0.03,18315.89
Europe,Lexus,Retail,277,400.3,0.46,59876.87
Europe,Hyundai,Retail,214,484.04,0.01,102548.71
Europe,Honda,Online,220,429.15,0.18,77418.66
Australia,Lexus,Online,393,63.23,0.01,24600.9
Europe,Lexus,Online,26,371.17,0.04,9264.4
Asia,Nissan,Retail,9,163.24,0.46,793.35
Australia,Honda,Retail,271,494.27,0.18,109836.68
Asia,Honda,Online,10,245.25,0.21,1937.48
Australia,Hyundai,Retail,472,65.6,0.11,27557.25
Europe,Nissan,Online,378,363.97,0.3,96306.46
Asia,Nissan,Online,121,164.89,0.3,13966.18
Australia,Nissan,Retail,125,498.55,0.19,50478.19
Africa,Nissan,Online,170,489.99,0.17,69137.59
Europe,Honda,Retail,72,329.79,0.44,13297.13
Australia,Honda,Online,152,69.26,0.19,8527.29
Africa,Lexus,Retail,208,345.0,0.25,53820.0
Australia,Lexus,Retail,49,51.05,0.14,2151.25
Africa,Nissan,Retail,154,19.54,0.39,1835.59
Europe,Nissan,Online,347,412.36,0.2,114471.14
Asia,Nissan,Online,293,108.83,0.26,23596.52
Africa,Lexus,Retail,68,192.62,0.13,11395.4
Australia,Hyundai,Retail,50,486.86,0.49,12414.93
Europe,Hyundai,Online,152,171.74,0.15,22188.81
Africa,Lexus,Online,19,151.76,0.39,1758.9
Australia,Lexus,Online,100,459.51,0.21,36301.29
Australia,Lexus,Retail,60,59.82,0.1,3230.28
Australia,Lexus,Online,167,380.99,0.4,38175.2
Africa,Lexus,Online,202,494.09,0.17,82839.13
Africa,Lexus,Retail,345,451.14,0.43,88716.68
Africa,Nissan,Online,146,327.58,0.46,25826.41
Asia,Nissan,Online,403,160.46,0.43,36859.27
Africa,Nissan,Online,164,130.89,0.02,21036.64
Africa,Nissan,Retail,458,410.53,0.39,114693.87
Africa,Lexus,Retail,481,440.51,0.21,167389.39
Asia,Hyundai,Retail,439,265.09,0.44,65169.73
Africa,Honda,Retail,242,125.95,0.32,20726.33
Australia,Lexus,Retail,69,60.91,0.42,2437.62
Africa,Honda,Retail,175,48.15,0.25,6319.69
Australia,Hyundai,Retail,49,360.94,0.27,12910.82
Australia,Nissan,Online,483,212.96,0.07,95659.5
Australia,Hyundai,Online,108,453.15,0.39,29853.52
Asia,Lexus,Retail,226,371.14,0.21,66263.34
Asia,Nissan,Online,161,99.67,0.25,12035.15
Asia,Lexus,Online,119,308.82,0.39,22417.24
Africa,Nissan,Retail,149,220.58,0.3,23006.49
Australia,Honda,Online,465,290.74,0.1,121674.69
Asia,Honda,Online,150,370.34,0.3,38885.7
Asia,Honda,Online,432,404.07,0.2,139646.59
Africa,Hyundai,Online,293,422.65,0.23,95354.07
Asia,Lexus,Online,143,130.72,0.01,18506.03
Africa,Hyundai,Retail,419,20.4,0.11,7607.36
Europe,Honda,Retail,476,370.95,0.14,151852.09
Asia,Lexus,Retail,455,57.64,0.36,16784.77
Europe,Honda,Online,160,160.89,0.01,25484.98
Africa,Hyundai,Retail,11,6.89,0.2,60.63
Australia,Hyundai,Online,138,342.43,0.46,25517.88
Asia,Hyundai,Online,457,87.73,0.06,37687.05
Africa,Honda,Online,78,329.36,0.26,19010.66
Australia,Lexus,Online,77,495.91,0.39,23292.89
Australia,Lexus,Retail,441,40.97,0.47,9575.92
Europe,Honda,Retail,254,43.15,0.37,6904.86
Africa,Lexus,Online,409,173.49,0.36,45412.74
Australia,Honda,Retail,258,433.86,0.41,66042.17
Asia,Lexus,Online,320,111.69,0.22,27877.82
Asia,Nissan,Retail,291,183.39,0.4,32019.89
Europe,Nissan,Retail,263,38.91,0.0,10233.33
Australia,Hyundai,Online,85,382.76,0.46,17568.68
Africa,Nissan,Retail,146,207.11,0.22,23585.69
Asia,Nissan,Online,323,380.83,0.28,88565.82
Australia,Nissan,Retail,42,452.29,0.13,16526.68
Australia,Honda,Online,374,120.22,0.37,28326.24
Europe,Nissan,Online,125,404.66,0.04,48559.2
Asia,Nissan,Retail,167,34.25,0.44,3203.06
Asia,Hyundai,Retail,425,449.93,0.41,112819.95
Africa,Nissan,Online,241,327.13,0.11,70166.11
Asia,Nissan,Retail,459,437.74,0.4,120553.6
Africa,Lexus,Retail,487,5.09,0.39,1512.09
Asia,Hyundai,Online,280,88.7,0.32,16888.48
Europe,Hyundai,Online,188,197.93,0.19,30140.78
Asia,Hyundai,Retail,302,192.85,0.14,50087.0
Africa,Hyundai,Online,19,117.23,0.12,1960.09
Africa,Hyundai,Online,68,193.9,0.16,11075.57
Europe,Hyundai,Online,218,68.78,0.45,8246.72
Asia,Honda,Retail,102,209.32,0.04,20496.61
Asia,Nissan,Retail,42,402.17,0.41,9965.77
Europe,Hyundai,Online,288,242.14,0.17,57881.15
Asia,Nissan,Retail,167,13.91,0.26,1719.0
Asia,Nissan,Online,109,213.61,0.4,13970.09
Africa,Honda,Retail,494,18.45,0.44,5104.01
Asia,Hyundai,Online,36,483.29,0.17,14440.71
Asia,Lexus,Online,232,68.09,0.23,12163.6
Europe,Honda,Retail,229,355.31,0.21,64279.13
Europe,Lexus,Online,353,486.52,0.01,170024.14
Australia,Nissan,Retail,164,413.89,0.15,57696.27
Africa,Nissan,Retail,387,351.16,0.23,104642.17
Asia,Honda,Online,73,420.53,0.21,24251.97
Asia,Honda,Online,136,490.99,0.36,42735.77
Australia,Lexus,Retail,353,312.57,0.19,89373.14
Asia,Hyundai,Online,379,281.8,0.24,81169.67
Africa,Lexus,Online,70,315.98,0.21,17473.69
Australia,Honda,Online,425,268.67,0.37,71936.39
Africa,Lexus,Online,487,319.37,0.43,88653.92
Australia,Honda,Online,196,227.67,0.27,32575.02
Australia,Lexus,Retail,269,113.13,0.39,18563.5
Europe,Honda,Retail,49,64.52,0.15,2687.26
Africa,Honda,Online,316,38.83,0.27,8957.3
Asia,Honda,Online,130,135.34,0.17,14603.19
Asia,Hyundai,Online,444,27.83,0.21,9761.65
Africa,Lexus,Retail,5,285.75,0.37,900.11
Asia,Lexus,Online,428,145.5,0.44,34873.44
Asia,Lexus,Retail,27,413.14,0.06,10485.49
Africa,Honda,Retail,160,41.75,0.32,4542.4
Australia,Lexus,Retail,149,117.04,0.29,12381.66
Africa,Lexus,Online,264,366.47,0.06,90943.2
Australia,Honda,Retail,230,301.41,0.11,61698.63
Asia,Nissan,Online,200,36.92,0.16,6202.56
Asia,Honda,Retail,50,439.23,0.08,20204.58
Asia,Lexus,Online,67,439.24,0.12,25897.59
Europe,Honda,Retail,300,168.55,0.13,43991.55
Australia,Nissan,Online,381,173.5,0.17,54865.9
Europe,Honda,Retail,58,494.57,0.37,18071.59
Europe,Lexus,Online,259,314.96,0.29,57917.99
Africa,Nissan,Online,342,268.0,0.49,46744.56
Europe,Hyundai,Online,326,419.89,0.21,108138.47
Africa,Lexus,Online,130,146.22,0.38,11785.33
Africa,Nissan,Retail,215,217.45,0.44,26180.98
Europe,Nissan,Retail,172,137.55,0.34,15614.68
Australia,Hyundai,Online,258,395.63,0.21,80637.31
Australia,Honda,Retail,102,288.81,0.38,18264.34
Australia,Honda,Online,209,331.12,0.1,62283.67
Australia,Lexus,Online,291,129.89,0.16,31750.31
Australia,Hyundai,Retail,354,114.01,0.27,29462.46
Europe,Honda,Online,471,246.75,0.29,82515.67
Europe,Hyundai,Online,286,370.1,0.01,104790.11
Asia,Honda,Retail,116,264.99,0.47,16291.59
Australia,Nissan,Online,264,21.16,0.35,3631.06
Europe,Honda,Online,150,434.93,0.25,48929.62
Asia,Hyundai,Online,300,37.02,0.47,5886.18
Australia,Nissan,Online,442,478.13,0.22,164840.1
Africa,Nissan,Retail,36,17.45,0.49,320.38
Asia,Nissan,Retail,453,348.75,0.26,116907.98
Europe,Hyundai,Retail,333,45.69,0.06,14301.88
Africa,Lexus,Online,477,455.78,0.38,134792.38
Africa,Lexus,Online,287,234.89,0.34,44492.86
Africa,Lexus,Retail,303,73.07,0.39,13505.53
Asia,Hyundai,Online,311,173.7,0.48,28090.76
Europe,Nissan,Online,208,86.59,0.39,10986.54
Africa,Lexus,Online,106,89.44,0.31,6541.64
Australia,Hyundai,Online,446,474.31,0.43,120579.09
Africa,Lexus,Retail,158,225.4,0.34,23504.71
Africa,Honda,Retail,121,395.46,0.2,38280.53
Asia,Lexus,Retail,55,321.6,0.44,9905.28
Asia,Lexus,Online,400,339.83,0.11,120979.48
Europe,Nissan,Retail,12,70.19,0.36,539.06
Australia,Hyundai,Retail,145,120.92,0.44,9818.7
Asia,Nissan,Online,400,394.44,0.37,99398.88
Africa,Nissan,Online,396,485.53,0.35,124975.42
Europe,Nissan,Retail,136,135.02,0.38,11384.89
Africa,Nissan,Retail,468,139.43,0.23,50244.99
Africa,Nissan,Retail,3,239.08,0.44,401.65
Asia,Lexus,Retail,144,492.0,0.1,63763.2
Europe,Nissan,Online,30,138.13,0.06,3895.27
Australia,Nissan,Retail,237,206.45,0.14,42078.64
Australia,Hyundai,Retail,279,446.28,0.27,90893.85
Asia,Honda,Online,348,6.45,0.26,1661.0
Asia,Lexus,Retail,115,24.68,0.41,1674.54
Europe,Lexus,Online,104,304.02,0.2,25294.46
Australia,Lexus,Online,118,454.15,0.24,40728.17
Australia,Nissan,Online,5,123.23,0.01,609.99
Australia,Nissan,Retail,468,237.47,0.2,88908.77
Africa,Nissan,Retail,360,227.98,0.32,55809.5
Australia,Hyundai,Online,248,239.12,0.01,58708.74
Africa,Honda,Retail,364,313.15,0.14,98028.48
Europe,Nissan,Retail,321,237.52,0.1,68619.53
Africa,Honda,Online,121,226.5,0.02,26858.37
Europe,Hyundai,Online,286,239.77,0.24,52116.41
Australia,Lexus,Retail,149,297.48,0.09,40335.31
Australia,Nissan,Online,84,270.82,0.37,14331.79
Europe,Honda,Retail,454,427.8,0.42,112648.3
Asia,Honda,Retail,406,29.5,0.27,8743.21
Europe,Nissan,Retail,466,417.49,0.49,99220.67
Asia,Lexus,Retail,456,422.74,0.23,148432.47
Africa,Lexus,Online,231,146.03,0.26,24962.37
Africa,Lexus,Online,288,234.11,0.49,34386.08
Africa,Hyundai,Online,161,222.08,0.12,31464.29
Australia,Honda,Online,272,113.16,0.47,16313.15
Africa,Honda,Retail,460,201.41,0.02,90795.63
Asia,Honda,Retail,38,26.97,0.22,799.39
Africa,Hyundai,Online,226,142.52,0.04,30921.14
Europe,Honda,Retail,142,409.26,0.36,37193.55
Europe,Hyundai,Retail,292,145.86,0.3,29813.78
Australia,Lexus,Retail,481,410.01,0.35,128189.63
Europe,Nissan,Online,151,268.14,0.19,32796.2
Asia,Honda,Online,114,440.53,0.18,41180.74
Africa,Honda,Online,237,289.52,0.02,67243.92
Australia,Lexus,Retail,66,19.69,0.17,1078.62
Africa,Nissan,Online,361,339.33,0.46,66148.99
Africa,Hyundai,Online,341,27.2,0.19,7512.91
Asia,Nissan,Online,258,228.05,0.42,34125.4
Europe,Lexus,Online,475,465.07,0.42,128126.79
Europe,Lexus,Online,249,86.78,0.19,17502.66
Africa,Nissan,Online,457,197.99,0.32,61527.37
Australia,Hyundai,Retail,449,366.28,0.05,156236.73
Europe,Hyundai,Retail,331,441.72,0.05,138898.85
Australia,Honda,Online,323,337.12,0.02,106711.96
Europe,Hyundai,Online,180,132.8,0.29,16971.84
Australia,Nissan,Retail,190,338.93,0.21,50873.39
Asia,Lexus,Retail,407,151.88,0.27,45125.07
Australia,Honda,Online,154,360.62,0.26,41096.26
Asia,Honda,Online,196,477.25,0.18,76703.62
Asia,Lexus,Online,466,362.09,0.34,111364.4
Australia,Hyundai,Online,311,432.13,0.38,83323.31
Asia,Lexus,Retail,262,6.04,0.01,1566.66
Africa,Hyundai,Online,419,360.2,0.1,135831.42
Asia,Lexus,Online,406,415.65,0.36,108002.5
Europe,Nissan,Online,427,25.08,0.19,8674.42
Australia,Hyundai,Online,143,436.44,0.33,41815.32
Africa,Nissan,Retail,342,132.06,0.17,37486.55
Australia,Honda,Retail,316,334.32,0.2,84516.1
Europe,Lexus,Retail,101,401.18,0.08,37277.65
Europe,Honda,Online,244,333.02,0.13,70693.49
Europe,Honda,Online,490,50.68,0.3,17383.24
Asia,Honda,Retail,12,300.18,0.22,2809.68
Asia,Honda,Online,239,277.04,0.39,40389.66
Australia,Lexus,Online,49,450.66,0.43,12586.93
Australia,Honda,Retail,42,205.1,0.27,6288.37
Africa,Lexus,Retail,166,163.94,0.38,16872.7
Africa,Lexus,Retail,82,376.18,0.15,26219.75
Australia,Nissan,Retail,429,209.27,0.21,70923.7
Asia,Hyundai,Online,291,324.82,0.36,60494.48
Europe,Hyundai,Online,158,324.99,0.19,41592.22
Australia,Lexus,Retail,216,444.58,0.29,68180.79
Africa,Nissan,Online,490,301.35,0.09,134371.96
Asia,Lexus,Retail,158,253.57,0.3,28044.84
Australia,Lexus,Retail,462,73.74,0.43,19418.69
Australia,Lexus,Online,134,62.29,0.43,4757.71
Asia,Nissan,Retail,67,81.39,0.36,3490.0
Australia,Hyundai,Online,336,90.06,0.37,19063.9
Asia,Nissan,Online,7,320.75,0.28,1616.58
Europe,Honda,Online,436,371.79,0.29,115091.31
Asia,Nissan,Online,14,267.35,0.07,3480.9
Asia,Nissan,Retail,73,415.36,0.22,23650.6
Asia,Nissan,Online,399,495.68,0.23,152287.77
Australia,Nissan,Retail,405,410.91,0.48,86537.65
Australia,Hyundai,Retail,163,348.97,0.22,44368.05
Asia,Honda,Retail,66,268.58,0.27,12940.18
Australia,Hyundai,Retail,347,227.18,0.27,57546.97
Africa,Hyundai,Online,130,46.77,0.32,4134.47
Africa,Nissan,Online,419,202.69,0.37,53504.08
Australia,Lexus,Retail,466,455.52,0.11,188922.36
Australia,Lexus,Retail,206,404.97,0.26,61733.63
Asia,Hyundai,Online,276,111.95,0.41,18229.94
Europe,Hyundai,Retail,466,235.97,0.23,84670.76
Australia,Nissan,Online,256,409.28,0.14,90107.08
Africa,Hyundai,Retail,266,38.36,0.33,6836.52
Asia,Nissan,Online,25,196.76,0.41,2902.21
Australia,Lexus,Retail,450,426.66,0.03,186237.09
Africa,Lexus,Retail,281,204.93,0.39,35127.05
Africa,Honda,Online,253,43.42,0.41,6481.3
Europe,Lexus,Retail,310,273.55,0.23,65296.38
Asia,Hyundai,Retail,289,431.56,0.49,63607.63
Asia,Lexus,Online,164,297.19,0.39,29730.89
Europe,Nissan,Retail,95,117.01,0.39,6780.73
Europe,Lexus,Online,270,195.2,0.37,33203.52
Asia,Honda,Online,321,227.81,0.08,67276.85
Asia,Lexus,Retail,110,291.74,0.11,28561.35
Australia,Nissan,Retail,336,380.88,0.23,98541.27
Australia,Nissan,Retail,310,53.94,0.13,14547.62
Europe,Hyundai,Retail,238,445.38,0.21,83740.35
Australia,Lexus,Retail,381,11.09,0.44,2366.16
Africa,Nissan,Retail,436,188.18,0.41,48407.42
Australia,Honda,Retail,387,18.57,0.32,4886.88
Australia,Hyundai,Online,483,199.52,0.43,54929.85
Africa,Honda,Retail,425,265.28,0.39,68773.84
Europe,Lexus,Online,390,258.28,0.21,79576.07
Africa,Lexus,Retail,25,86.99,0.1,1957.28
Australia,Lexus,Retail,141,324.64,0.26,33872.94
Europe,Hyundai,Online,117,27.17,0.37,2002.7
Australia,Nissan,Retail,482,382.14,0.22,143669.35
Africa,Hyundai,Retail,392,473.59,0.33,124383.68
Africa,Honda,Online,405,173.19,0.05,66634.85
Australia,Hyundai,Retail,482,261.03,0.37,79264.37
Asia,Honda,Retail,452,192.56,0.41,51351.9
Asia,Hyundai,Retail,25,8.32,0.35,135.2
Africa,Nissan,Online,79,196.01,0.48,8052.09
Africa,Honda,Retail,68,396.9,0.41,15923.63
Asia,Lexus,Retail,173,300.01,0.45,28545.95
Asia,Lexus,Retail,444,55.12,0.47,12970.84
Australia,Hyundai,Retail,12,424.33,0.4,3055.18
Australia,Lexus,Online,288,267.89,0.34,50920.53
Asia,Honda,Online,128,421.65,0.0,53971.2
Australia,Lexus,Retail,96,292.21,0.23,21600.16
Australia,Nissan,Retail,92,282.05,0.29,18423.51
Europe,Nissan,Online,141,57.1,0.15,6843.44
Australia,Hyundai,Online,31,87.84,0.16,2287.35
Africa,Honda,Retail,334,486.15,0.48,84434.53
Australia,Nissan,Online,20,118.1,0.45,1299.1
Australia,Nissan,Retail,146,488.84,0.42,41394.97
Asia,Honda,Online,477,268.3,0.2,102383.28
Africa,Lexus,Online,316,72.22,0.01,22593.3
Australia,Lexus,Online,447,54.15,0.04,23236.85
Australia,Hyundai,Online,390,108.39,0.16,35508.56
Europe,Lexus,Retail,160,463.19,0.01,73369.3
Australia,Honda,Online,349,210.0,0.01,72557.1
Australia,Nissan,Online,43,200.74,0.46,4661.18
Europe,Lexus,Retail,254,160.04,0.35,26422.6
Asia,Hyundai,Online,130,77.8,0.15,8596.9
Australia,Lexus,Online,60,246.49,0.07,13754.14
Europe,Honda,Retail,151,69.37,0.26,7751.4
Africa,Hyundai,Online,467,418.56,0.0,195467.52
Asia,Lexus,Retail,287,188.35,0.47,28649.92
Africa,Hyundai,Retail,499,190.53,0.21,75108.83
Africa,Honda,Retail,5,239.63,0.2,958.52
Europe,Nissan,Retail,467,224.84,0.2,84000.22
Australia,Honda,Online,418,497.45,0.03,201696.08
Europe,Honda,Retail,266,274.96,0.32,49734.76
Europe,Honda,Online,345,48.66,0.37,10576.25
Europe,Honda,Online,130,305.4,0.34,26203.32
Europe,Nissan,Online,382,80.03,0.07,28431.46
Asia,Nissan,Online,267,20.31,0.29,3850.17
Australia,Hyundai,Online,178,485.52,0.28,62224.24
Africa,Lexus,Online,253,387.9,0.43,55939.06
Africa,Nissan,Online,415,490.15,0.19,164763.92
Australia,Nissan,Online,56,241.55,0.19,10956.71
Africa,Lexus,Online,463,268.47,0.31,85768.11
Australia,Nissan,Online,457,88.33,0.32,27449.43
Africa,Honda,Retail,471,127.22,0.23,46138.88
Europe,Honda,Retail,83,420.08,0.22,27195.98
Africa,Lexus,Retail,393,181.31,0.25,53441.12
Australia,Hyundai,Online,99,414.27,0.43,23377.26
Australia,Hyundai,Retail,149,355.96,0.23,40839.29
Australia,Lexus,Retail,329,92.7,0.47,16164.1
Australia,Lexus,Retail,156,256.19,0.25,29974.23
Australia,Honda,Online,190,340.31,0.47,34269.22
Asia,Hyundai,Online,494,121.34,0.42,34766.34
Asia,Nissan,Online,371,416.19,0.18,126613.32
Africa,Honda,Online,263,274.69,0.43,41178.78
Australia,Lexus,Retail,80,86.79,0.06,6526.61
Africa,Hyundai,Retail,400,293.58,0.46,63413.28
Australia,Nissan,Retail,252,499.86,0.32,85656.01
Australia,Nissan,Retail,97,79.51,0.03,7481.1
Asia,Honda,Online,260,409.29,0.32,72362.47
Asia,Hyundai,Online,260,107.62,0.49,14270.41
Europe,Hyundai,Online,103,392.28,0.03,39192.69
Asia,Lexus,Retail,40,368.62,0.28,10616.26
Europe,Hyundai,Online,273,153.74,0.37,26441.74
Europe,Hyundai,Online,101,166.28,0.41,9908.63
Europe,Honda,Retail,359,397.3,0.21,112678.25
Europe,Hyundai,Retail,380,233.42,0.1,79829.64
Europe,Nissan,Online,308,366.75,0.02,110699.82
Africa,Honda,Online,221,78.25,0.29,12278.21
Asia,Honda,Online,308,427.02,0.23,101272.06
Europe,Lexus,Online,420,356.89,0.47,79443.71
Australia,Hyundai,Online,124,453.94,0.03,54599.9
Asia,Lexus,Online,422,70.52,0.34,19641.23
Asia,Nissan,Retail,231,298.54,0.01,68273.11
Europe,Honda,Retail,178,301.56,0.09,48846.69
Africa,Honda,Retail,63,179.96,0.23,8729.86
Europe,Honda,Online,485,231.94,0.23,86617.99
Africa,Nissan,Retail,116,23.8,0.34,1822.13
Australia,Nissan,Online,191,374.2,0.46,38594.99
Asia,Lexus,Online,62,276.91,0.32,11674.53
Australia,Lexus,Retail,256,33.58,0.48,4470.17
Africa,Lexus,Online,483,341.97,0.44,92496.05
Africa,Hyundai,Online,7,236.06,0.29,1173.22
Australia,Honda,Retail,155,22.06,0.42,1983.19
Africa,Honda,Retail,92,484.96,0.32,30339.1
Australia,Lexus,Retail,470,474.81,0.04,214234.27
Asia,Honda,Online,14,258.89,0.37,2283.41
Australia,Lexus,Retail,455,51.37,0.05,22204.68
Asia,Hyundai,Retail,229,378.54,0.3,60679.96
Australia,Hyundai,Online,86,248.51,0.35,13891.71
Africa,Nissan,Retail,133,154.71,0.03,19959.14
Australia,Hyundai,Retail,183,248.25,0.12,39978.18
Africa,Lexus,Retail,386,263.61,0.46,54946.87
Australia,Hyundai,Online,62,283.54,0.31,12129.84
Australia,Nissan,Online,219,223.41,0.12,43055.58
Europe,Honda,Online,405,304.85,0.35,80251.76
Africa,Lexus,Online,246,459.77,0.3,79172.39
Europe,Honda,Retail,230,184.32,0.25,31795.2
Africa,Nissan,Online,79,364.23,0.49,14674.83
Europe,Nissan,Online,149,447.75,0.34,44031.73
Asia,Nissan,Retail,138,230.71,0.19,25788.76
Australia,Honda,Retail,471,224.51,0.4,63446.53
Africa,Honda,Retail,314,303.05,0.44,53288.31
Africa,Honda,Online,376,297.75,0.06,105236.76
Australia,Honda,Online,423,404.26,0.1,153901.78
Africa,Nissan,Online,389,240.86,0.11,83388.14
Africa,Nissan,Retail,65,498.08,0.35,21043.88
Europe,Lexus,Retail,13,34.44,0.3,313.4
Africa,Lexus,Online,213,6.57,0.31,965.59
Asia,Honda,Retail,474,321.9,0.47,80867.72
Asia,Hyundai,Retail,242,152.73,0.39,22546.0
Australia,Hyundai,Retail,493,123.99,0.06,57459.45
Africa,Nissan,Online,213,159.39,0.17,28178.56
Australia,Nissan,Retail,181,131.74,0.22,18599.05
Asia,Nissan,Retail,338,20.24,0.2,5472.9
Africa,Lexus,Online,485,485.91,0.33,157896.45
Africa,Lexus,Online,173,114.27,0.45,10872.79
Australia,Nissan,Retail,160,368.34,0.15,50094.24
Asia,Nissan,Retail,164,382.49,0.28,45164.42
Africa,Nissan,Online,465,464.98,0.39,131891.58
Australia,Hyundai,Online,483,20.12,0.21,7677.19
Asia,Lexus,Retail,497,436.66,0.08,199658.42
Australia,Hyundai,Retail,188,265.98,0.24,38003.22
Europe,Hyundai,Retail,395,318.11,0.03,121883.85
Africa,Nissan,Retail,191,324.01,0.47,32799.53
Europe,Nissan,Online,405,410.8,0.04,159719.04
Asia,Honda,Retail,308,170.04,0.22,40850.41
Europe,Honda,Retail,256,367.86,0.26,69687.4
Europe,Hyundai,Online,183,266.65,0.49,24886.44
Asia,Lexus,Retail,117,397.73,0.08,42811.66
Australia,Nissan,Online,282,495.32,0.06,131299.43
Europe,Nissan,Retail,196,104.32,0.0,20446.72
Australia,Hyundai,Retail,34,497.35,0.08,15557.11
Europe,Honda,Online,52,49.46,0.1,2314.73
Australia,Lexus,Online,112,6.15,0.32,468.38
Asia,Honda,Retail,252,26.86,0.11,6024.16
Europe,Honda,Retail,82,174.18,0.01,14139.93
Asia,Honda,Retail,232,318.29,0.41,43567.54
Europe,Honda,Online,227,39.17,0.18,7291.1
Asia,Nissan,Retail,233,7.8,0.18,1490.27
Asia,Nissan,Online,221,468.86,0.15,88075.35
Europe,Honda,Online,436,411.85,0.49,91578.97
Europe,Lexus,Retail,413,405.55,0.09,152417.86
Europe,Hyundai,Online,422,442.79,0.45,102771.56
Africa,Lexus,Retail,42,351.52,0.39,9005.94
Australia,Lexus,Retail,21,56.68,0.04,1142.67
Africa,Lexus,Retail,42,202.55,0.49,4338.62
Africa,Honda,Retail,397,362.96,0.14,123921.8
Asia,Nissan,Retail,113,143.77,0.05,15433.71
Europe,Lexus,Online,105,345.27,0.41,21389.48
Australia,Honda,Online,192,17.13,0.35,2137.82
Asia,Lexus,Retail,17,156.54,0.31,1836.21
Africa,Lexus,Retail,120,276.82,0.08,30560.93
Europe,Honda,Online,393,317.88,0.24,94944.4
Asia,Nissan,Online,425,290.64,0.39,75348.42
Europe,Nissan,Online,129,350.39,0.15,38420.26
Asia,Hyundai,Online,130,8.01,0.16,874.69
Europe,Honda,Retail,60,54.97,0.0,3298.2
Africa,Hyundai,Retail,48,435.13,0.09,19006.48
Australia,Hyundai,Online,29,342.47,0.44,5561.71
Africa,Hyundai,Retail,97,60.9,0.22,4607.69
Australia,Nissan,Online,10,421.83,0.49,2151.33
Europe,Honda,Retail,242,124.9,0.2,24180.64
Asia,Hyundai,Online,314,241.74,0.36,48580.07
Africa,Honda,Retail,444,76.87,0.14,29352.04
Australia,Honda,Online,232,356.5,0.18,67820.56
Africa,Nissan,Online,277,335.09,0.1,83537.94
Australia,Hyundai,Retail,284,109.5,0.17,25811.34
Africa,Hyundai,Online,203,432.38,0.27,64074.39
Australia,Honda,Retail,247,203.65,0.5,25150.78
Australia,Lexus,Retail,290,149.79,0.33,29104.2
Europe,Nissan,Online,264,80.4,0.1,19103.04
Australia,Nissan,Retail,443,136.75,0.02,59368.64
Europe,Nissan,Retail,214,15.9,0.06,3198.44
Australia,Nissan,Retail,200,293.71,0.28,42294.24
Asia,Hyundai,Retail,433,421.9,0.38,113263.27
Asia,Hyundai,Retail,79,276.75,0.47,11587.52
Asia,Lexus,Online,401,113.54,0.01,45074.24
Australia,Nissan,Retail,444,21.67,0.26,7119.9
Europe,Nissan,Retail,343,111.24,0.24,28998.04
Europe,Honda,Retail,344,210.98,0.33,48626.67
Australia,Hyundai,Retail,173,381.01,0.28,47458.61
Asia,Nissan,Retail,467,97.98,0.34,30199.4
Asia,Lexus,Online,69,361.3,0.33,16702.9
Europe,Lexus,Retail,416,434.13,0.06,169762.2
Asia,Hyundai,Online,428,229.7,0.4,58986.96
Africa,Lexus,Online,449,411.61,0.06,173724.12
Europe,Lexus,Online,87,279.56,0.35,15809.12
Asia,Hyundai,Online,101,320.36,0.21,25561.52
Europe,Nissan,Retail,8,265.51,0.26,1571.82
Africa,Nissan,Online,333,234.27,0.45,42906.55
Europe,Lexus,Online,200,121.15,0.44,13568.8
Europe,Lexus,Retail,87,155.08,0.41,7960.26
Europe,Nissan,Retail,43,148.54,0.26,4726.54
Europe,Hyundai,Retail,385,283.83,0.37,68842.97
Africa,Lexus,Online,109,64.38,0.26,5192.89
Australia,Honda,Retail,435,458.81,0.43,113761.94
Europe,Hyundai,Retail,408,361.72,0.2,118065.41
Europe,Lexus,Online,483,203.72,0.49,50182.35
Asia,Lexus,Retail,152,83.52,0.47,6728.37
Europe,Honda,Retail,17,441.59,0.37,4729.43
Asia,Honda,Retail,133,412.77,0.14,47212.63
Australia,Nissan,Retail,148,362.25,0.07,49860.09
Africa,Hyundai,Online,277,139.42,0.43,22013.02
Africa,Hyundai,Retail,232,204.21,0.08,43586.58
Australia,Nissan,Retail,314,55.86,0.43,9997.82
Africa,Hyundai,Online,415,98.57,0.25,30679.91
Australia,Hyundai,Retail,366,392.59,0.2,114950.35
Australia,Hyundai,Online,228,358.94,0.45,45011.08
Australia,Hyundai,Retail,139,298.78,0.3,29071.29
Africa,Hyundai,Online,436,448.38,0.29,138800.51
Asia,Honda,Online,399,293.72,0.28,84379.88
Australia,Hyundai,Online,211,236.15,0.19,40360.4
Europe,Honda,Online,391,173.48,0.39,41376.71
Africa,Hyundai,Retail,499,470.52,0.13,204266.85
Australia,Nissan,Online,28,45.94,0.47,681.75
Australia,Lexus,Retail,51,465.79,0.45,13065.41
Europe,Honda,Online,491,414.22,0.17,168807.08
Asia,Hyundai,Online,442,69.32,0.36,19609.24
Asia,Nissan,Online,261,284.67,0.29,52752.2
Asia,Lexus,Retail,261,433.94,0.17,94004.42
Australia,Honda,Online,350,288.05,0.49,51416.92
Australia,Lexus,Retail,352,454.06,0.01,158230.83
Australia,Nissan,Retail,8,471.78,0.13,3283.59
Africa,Honda,Retail,320,214.08,0.26,50694.14
Europe,Lexus,Retail,138,191.77,0.26,19583.55
Australia,Hyundai,Retail,38,468.48,0.29,12639.59
Europe,Honda,Retail,111,339.19,0.38,23343.06
Europe,Lexus,Retail,480,62.43,0.31,20676.82
Asia,Nissan,Retail,368,25.93,0.3,6679.57
Africa,Nissan,Retail,220,284.49,0.03,60710.17
Australia,Honda,Online,337,465.43,0.19,127048.43
Asia,Lexus,Online,223,422.9,0.12,82989.9
Asia,Honda,Online,136,339.54,0.13,40174.37
Australia,Honda,Online,256,73.86,0.28,13613.88
Europe,Lexus,Online,360,130.84,0.1,42392.16
Asia,Lexus,Retail,409,438.38,0.15,152402.81
Europe,Hyundai,Retail,329,95.49,0.12,27646.26
Africa,Lexus,Retail,450,142.83,0.47,34064.96
Europe,Nissan,Retail,463,69.15,0.47,16968.72
Africa,Honda,Retail,434,339.67,0.3,103191.75
Europe,Honda,Retail,451,472.27,0.46,115016.64
Asia,Nissan,Retail,49,138.14,0.39,4129.0
Asia,Lexus,Online,292,240.33,0.29,49825.22
Africa,Nissan,Online,382,319.0,0.0,121858.0
Australia,Nissan,Online,324,499.74,0.39,98768.61
Africa,Hyundai,Online,78,56.88,0.35,2883.82
Africa,Nissan,Retail,105,251.79,0.31,18242.19
Europe,Honda,Retail,169,195.63,0.38,20498.11
Europe,Nissan,Retail,217,433.58,0.26,69624.28
Africa,Honda,Online,378,240.6,0.35,59115.42
Asia,Honda,Retail,119,59.93,0.47,3779.79
Europe,Honda,Retail,190,319.04,0.19,49100.26
Australia,Lexus,Retail,255,386.54,0.35,64069.01
Europe,Hyundai,Online,370,6.43,0.24,1808.12
Europe,Honda,Retail,266,430.18,0.34,75522.4
Australia,Honda,Online,149,97.08,0.38,8968.25
Africa,Lexus,Online,164,278.27,0.02,44723.55
Australia,Honda,Online,140,210.82,0.32,20070.06
Africa,Nissan,Online,347,361.23,0.11,111558.66
Africa,Nissan,Retail,488,188.72,0.34,60782.94
Africa,Hyundai,Online,258,435.53,0.23,86522.39
Australia,Honda,Online,374,366.6,0.39,83636.12
Africa,Lexus,Retail,269,325.62,0.06,82336.27
Asia,Nissan,Retail,181,399.14,0.31,49848.59
Australia,Lexus,Online,160,378.24,0.14,52045.82
Asia,Lexus,Retail,351,22.79,0.43,4559.6
Africa,Nissan,Online,400,200.39,0.46,43284.24
Europe,Lexus,Online,288,465.75,0.5,67068.0
Africa,Nissan,Online,288,67.23,0.4,11617.34
Asia,Lexus,Online,380,369.86,0.38,87139.02
Asia,Nissan,Retail,226,487.42,0.11,98039.66
Australia,Honda,Online,11,30.84,0.17,281.57
Europe,Hyundai,Retail,10,342.69,0.23,2638.71
Australia,Nissan,Retail,271,236.74,0.39,39135.49
Asia,Nissan,Retail,273,291.69,0.46,43000.94
Africa,Hyundai,Retail,424,47.24,0.09,18227.08
Europe,Nissan,Online,402,26.29,0.46,5707.03
Africa,Nissan,Retail,183,335.1,0.35,39860.15
Africa,Lexus,Online,457,412.54,0.31,130086.24
Europe,Hyundai,Retail,153,392.1,0.1,53992.17
Australia,Honda,Retail,488,274.18,0.03,129785.84
Africa,Nissan,Online,315,54.43,0.28,12344.72
Asia,Hyundai,Online,334,345.58,0.33,77333.89
Africa,Lexus,Online,124,124.73,0.11,13765.2
Europe,Honda,Retail,473,455.98,0.28,155288.55
Europe,Hyundai,Retail,114,419.94,0.43,27287.7
Europe,Honda,Online,278,356.14,0.42,57424.01
Australia,Honda,Online,414,474.68,0.46,106119.46
Africa,Honda,Online,468,20.55,0.18,7886.27
Australia,Nissan,Online,213,369.42,0.16,66096.63
Australia,Nissan,Retail,172,168.47,0.37,18255.41
Europe,Lexus,Online,288,453.5,0.22,101874.24
Europe,Lexus,Online,435,137.0,0.04,57211.2
Australia,Hyundai,Online,174,363.8,0.14,54439.03
Africa,Lexus,Online,113,439.44,0.21,39228.81
Asia,Honda,Retail,376,25.62,0.15,8188.15
Australia,Honda,Online,405,201.84,0.17,67848.52
Africa,Nissan,Retail,483,382.34,0.15,156969.69
Europe,Honda,Online,122,230.18,0.02,27520.32
Europe,Hyundai,Online,32,137.29,0.32,2987.43
Africa,Honda,Retail,222,113.8,0.3,17684.52
Asia,Honda,Online,119,70.1,0.33,5589.07
Europe,Hyundai,Retail,39,429.28,0.1,15067.73
Europe,Lexus,Retail,497,289.8,0.15,122426.01
Europe,Lexus,Online,268,42.81,0.31,7916.43
Africa,Hyundai,Retail,233,194.38,0.3,31703.38
Australia,Nissan,Retail,431,187.03,0.25,60457.45
Europe,Honda,Retail,18,94.96,0.18,1401.61
Australia,Hyundai,Retail,149,220.58,0.46,17747.87
Asia,Honda,Retail,397,169.39,0.17,55815.7
Europe,Nissan,Retail,149,174.19,0.23,19984.82
Europe,Honda,Retail,126,370.82,0.34,30837.39
Asia,Hyundai,Retail,392,115.52,0.27,33057.2
Europe,Honda,Online,302,322.72,0.17,80893.0
Australia,Lexus,Online,360,287.47,0.22,80721.58
Africa,Nissan,Retail,238,286.21,0.4,40870.79
Australia,Nissan,Online,135,333.19,0.14,38683.36
Africa,Nissan,Retail,151,276.45,0.07,38821.87
Africa,Hyundai,Retail,236,440.23,0.16,87271.2
Australia,Nissan,Online,224,339.41,0.42,44096.15
Australia,Lexus,Retail,203,275.75,0.04,53738.16
Australia,Hyundai,Retail,256,415.73,0.5,53213.44
Australia,Lexus,Retail,86,305.04,0.27,19150.41
Asia,Honda,Retail,150,149.12,0.49,11407.68
Europe,Honda,Online,235,107.51,0.47,13390.37
Africa,Honda,Retail,345,80.4,0.23,21358.26
Australia,Honda,Retail,22,450.23,0.1,8914.55
Australia,Lexus,Retail,348,356.52,0.08,114143.44
Australia,Hyundai,Online,285,469.0,0.12,117625.2
Asia,Hyundai,Retail,269,303.63,0.36,52272.94
Australia,Nissan,Online,466,239.33,0.14,95913.89
Australia,Lexus,Online,258,34.56,0.17,7400.68
Australia,Honda,Retail,29,337.46,0.22,7633.35
Europe,Lexus,Retail,213,293.19,0.46,33722.71
Asia,Nissan,Online,463,495.15,0.09,208621.55
Australia,Nissan,Retail,436,123.38,0.0,53793.68
Africa,Lexus,Online,283,267.71,0.03,73489.07
Africa,Lexus,Online,50,327.22,0.45,8998.55
Africa,Lexus,Retail,95,324.07,0.32,20934.92
Asia,Hyundai,Retail,463,282.84,0.14,112621.23
Asia,Honda,Online,499,389.58,0.09,176904.38
Africa,Lexus,Online,407,106.47,0.15,36833.3
Australia,Lexus,Online,88,364.19,0.06,30125.8
Asia,Lexus,Online,44,311.77,0.47,7270.48
Africa,Nissan,Retail,461,448.56,0.39,126139.56
Africa,Nissan,Retail,278,424.36,0.23,90838.5
Australia,Hyundai,Retail,171,161.0,0.43,15692.67
Europe,Honda,Retail,421,141.74,0.12,52511.84
Asia,Hyundai,Retail,189,490.92,0.36,59381.68
Australia,Honda,Online,353,266.0,0.43,53521.86
Africa,Nissan,Retail,184,453.68,0.18,68451.24
Africa,Nissan,Retail,3,86.12,0.38,160.18
Australia,Nissan,Retail,191,323.2,0.15,52471.52
Asia,Hyundai,Retail,118,405.88,0.15,40709.76
Europe,Lexus,Retail,19,473.96,0.05,8554.98
Europe,Lexus,Online,23,171.98,0.22,3085.32
Africa,Nissan,Online,413,363.87,0.36,96178.12
Asia,Lexus,Online,30,271.71,0.47,4320.19
Europe,Lexus,Retail,295,35.01,0.3,7229.56
Asia,Hyundai,Online,108,346.55,0.43,21333.62
Asia,Honda,Online,367,346.6,0.41,75049.3
Africa,Nissan,Retail,281,465.65,0.09,119071.36
Europe,Nissan,Retail,128,251.17,0.24,24433.82
Australia,Hyundai,Retail,229,118.97,0.06,25609.48
Africa,Hyundai,Online,111,27.06,0.34,1982.42
Europe,Lexus,Online,136,210.74,0.47,15190.14
Europe,Nissan,Retail,362,154.45,0.07,51997.14
Europe,Honda,Retail,186,381.74,0.37,44732.29
Europe,Hyundai,Online,144,180.36,0.32,17660.85
Europe,Honda,Online,72,474.79,0.29,24271.26
Asia,Honda,Retail,129,481.34,0.2,49674.29
Africa,Nissan,Retail,364,312.35,0.18,93230.23
Asia,Nissan,Online,261,464.69,0.02,118858.41
Australia,Hyundai,Retail,3,381.62,0.11,1018.93
Europe,Nissan,Online,449,275.7,0.01,122551.41
Africa,Nissan,Online,388,94.25,0.29,25963.99
Europe,Nissan,Online,104,232.01,0.05,22922.59
Africa,Honda,Online,483,282.63,0.44,76445.76
Asia,Hyundai,Retail,224,432.66,0.26,71717.72
Africa,Lexus,Retail,320,243.26,0.35,50598.08
Australia,Honda,Online,362,449.35,0.21,128505.11
Australia,Nissan,Online,354,338.8,0.28,86353.34
Africa,Honda,Online,491,72.81,0.47,18947.35
Africa,Nissan,Online,473,497.52,0.04,225913.88
Africa,Nissan,Online,10,265.98,0.13,2314.03
Africa,Honda,Retail,405,198.97,0.39,49155.54
Australia,Hyundai,Retail,384,331.26,0.05,120843.65
Europe,Nissan,Retail,302,58.9,0.04,17076.29
Africa,Hyundai,Retail,231,320.09,0.18,60631.45
Africa,Lexus,Online,219,251.63,0.05,52351.62
Australia,Nissan,Online,411,206.3,0.29,60200.4
Australia,Hyundai,Online,66,476.74,0.11,28003.71
Asia,Hyundai,Online,425,263.66,0.45,61630.53
Africa,Lexus,Online,112,113.46,0.39,7751.59
Asia,Hyundai,Retail,13,232.19,0.35,1962.01
Australia,Hyundai,Online,393,460.1,0.31,124765.32
Australia,Lexus,Retail,420,92.17,0.43,22065.5
Europe,Nissan,Retail,86,110.91,0.11,8489.05
Africa,Hyundai,Retail,234,11.45,0.44,1500.41
Asia,Hyundai,Retail,90,12.02,0.39,659.9
Australia,Hyundai,Online,314,415.55,0.37,82204.1
Australia,Honda,Retail,54,367.4,0.28,14284.51
Asia,Lexus,Retail,12,180.75,0.12,1908.72
Europe,Honda,Retail,209,350.66,0.21,57897.47
Australia,Lexus,Online,462,200.63,0.4,55614.64
Africa,Nissan,Online,14,476.68,0.02,6540.05
Australia,Nissan,Online,121,483.69,0.39,35701.16
Africa,Hyundai,Retail,418,199.43,0.12,73358.33
Asia,Lexus,Retail,437,427.84,0.07,173878.45
Africa,Nissan,Online,377,387.68,0.06,137386.04
Asia,Lexus,Retail,20,158.45,0.01,3137.31
Africa,Nissan,Online,75,119.86,0.26,6652.23
Asia,Honda,Online,400,231.83,0.11,82531.48
Africa,Nissan,Retail,243,391.77,0.49,48552.06
Europe,Honda,Retail,223,480.28,0.29,76042.73
Africa,Nissan,Retail,70,382.97,0.07,24931.35
Africa,Hyundai,Retail,312,428.33,0.34,88201.71
Europe,Honda,Online,211,303.52,0.45,35223.5
Australia,Nissan,Online,101,418.53,0.37,26631.06
Australia,Hyundai,Online,186,393.29,0.04,70225.86
Africa,Honda,Online,132,191.61,0.45,13910.89
Europe,Hyundai,Online,111,278.24,0.4,18530.78
Africa,Lexus,Retail,381,403.35,0.08,141382.24
Asia,Lexus,Online,132,27.8,0.03,3559.51
Asia,Honda,Online,20,405.0,0.28,5832.0
Africa,Nissan,Online,394,93.05,0.08,33728.76
Australia,Honda,Retail,24,259.77,0.42,3616.0
Australia,Hyundai,Retail,227,405.1,0.18,75405.31
Africa,Nissan,Retail,154,130.64,0.46,10864.02
Africa,Lexus,Retail,293,126.67,0.28,26722.3
Asia,Nissan,Online,230,204.37,0.09,42774.64
Australia,Lexus,Online,469,447.85,0.07,195338.73
Africa,Nissan,Retail,310,5.22,0.29,1148.92
Asia,Nissan,Retail,488,451.18,0.38,136509.02
Australia,Nissan,Online,359,81.13,0.39,17766.66
Europe,Hyundai,Online,405,495.09,0.14,172439.85
Asia,Hyundai,Retail,202,477.65,0.1,86836.77
Australia,Honda,Retail,38,249.86,0.01,9399.73
Australia,Honda,Retail,430,258.8,0.34,73447.44
Asia,Lexus,Retail,260,243.37,0.04,60745.15
Europe,Hyundai,Online,188,319.54,0.21,47458.08
Asia,Lexus,Online,57,49.91,0.3,1991.41
Australia,Honda,Online,429,21.15,0.47,4808.88
Africa,Lexus,Retail,20,33.56,0.16,563.81
Africa,Honda,Retail,273,224.96,0.12,54044.39
Asia,Hyundai,Online,119,141.4,0.33,11273.82
Australia,Nissan,Online,71,312.91,0.31,15329.46
Africa,Hyundai,Online,4,496.26,0.17,1647.58
Australia,Lexus,Online,221,196.23,0.46,23418.09
Asia,Lexus,Retail,14,289.05,0.42,2347.09
Africa,Hyundai,Online,3,210.72,0.11,562.62
Australia,Hyundai,Online,216,424.4,0.12,80669.95
Africa,Honda,Online,229,451.61,0.26,76529.83
Asia,Lexus,Online,336,439.29,0.39,90036.88
Australia,Lexus,Online,186,487.31,0.02,88826.87
Africa,Hyundai,Online,55,18.62,0.35,665.67
Asia,Nissan,Online,388,420.71,0.32,111000.13
Africa,Lexus,Retail,376,377.13,0.12,124784.77
Africa,Nissan,Retail,254,118.2,0.34,19815.05
Europe,Hyundai,Retail,24,478.38,0.47,6084.99
Europe,Hyundai,Retail,162,78.35,0.02,12438.85
Asia,Honda,Online,158,341.38,0.16,45307.95
Europe,Lexus,Retail,82,116.32,0.22,7439.83
Asia,Nissan,Retail,403,218.53,0.45,48437.17
Europe,Honda,Online,159,360.98,0.48,29845.83
Africa,Lexus,Online,188,283.85,0.22,41623.76
Asia,Honda,Retail,60,216.61,0.38,8057.89
Asia,Hyundai,Retail,403,166.54,0.27,48994.4
Africa,Lexus,Online,305,420.63,0.27,93653.27
Asia,Honda,Retail,319,76.19,0.14,20901.96
Asia,Honda,Online,366,217.9,0.11,70978.75
Europe,Nissan,Online,211,452.36,0.14,82085.25
Asia,Honda,Online,406,423.7,0.28,123855.98
Australia,Lexus,Online,152,203.47,0.01,30618.17
Africa,Lexus,Retail,109,382.74,0.45,22945.26
Europe,Nissan,Online,76,412.46,0.08,28839.2
Europe,Lexus,Online,30,445.0,0.11,11881.5
Australia,Hyundai,Retail,314,274.53,0.26,63789.79
Africa,Lexus,Online,486,106.21,0.36,33035.56
Africa,Lexus,Retail,117,131.38,0.05,14602.89
Europe,Honda,Retail,415,151.37,0.16,52767.58
Asia,Honda,Retail,356,298.93,0.48,55337.92
Europe,Lexus,Online,192,21.24,0.13,3547.93
Africa,Nissan,Retail,19,319.84,0.16,5104.65
Australia,Honda,Retail,432,185.36,0.42,46443.8
Europe,Nissan,Online,173,151.14,0.03,25362.8
Africa,Lexus,Retail,228,440.35,0.23,77307.85
Europe,Lexus,Retail,350,232.7,0.19,65970.45
Asia,Hyundai,Retail,183,52.05,0.16,8001.13
Europe,Honda,Retail,113,414.24,0.14,40255.84
Europe,Lexus,Retail,183,28.58,0.05,4968.63
Africa,Hyundai,Online,481,364.74,0.16,147369.55
Africa,Honda,Retail,146,388.08,0.02,55526.49
Africa,Lexus,Retail,319,179.54,0.39,34936.69
Europe,Lexus,Online,116,413.27,0.2,38351.46
Asia,Honda,Online,113,260.25,0.22,22938.44
Australia,Honda,Online,251,234.33,0.45,32349.26
Australia,Honda,Retail,476,27.47,0.33,8760.73
Africa,Lexus,Online,251,148.56,0.0,37288.56
Africa,Lexus,Retail,303,465.85,0.47,74810.85
Europe,Hyundai,Retail,459,198.95,0.12,80359.88
Australia,Nissan,Online,313,275.62,0.05,81955.61
Africa,Honda,Online,118,268.35,0.38,19632.49
Asia,Lexus,Retail,301,297.26,0.25,67106.44
Asia,Lexus,Online,161,35.36,0.22,4440.51
Africa,Honda,Retail,401,184.28,0.12,65028.73
Africa,Nissan,Online,198,362.95,0.27,52460.79
Australia,Honda,Online,260,104.28,0.14,23317.01
Australia,Nissan,Online,148,105.77,0.45,8609.68
Europe,Lexus,Retail,240,9.99,0.11,2133.86
Australia,Nissan,Online,47,221.55,0.44,5831.2
Asia,Hyundai,Retail,475,441.95,0.28,151146.9
Asia,Lexus,Retail,399,30.69,0.41,7224.73
Africa,Hyundai,Retail,198,99.6,0.36,12621.31
Australia,Honda,Retail,47,158.49,0.35,4841.87
Europe,Honda,Online,78,367.2,0.16,24058.94
Asia,Honda,Retail,124,322.11,0.12,35148.64
Asia,Nissan,Retail,75,210.89,0.11,14076.91
Europe,Lexus,Online,359,380.74,0.43,77910.83
Europe,Honda,Retail,137,306.77,0.41,24796.22
Asia,Honda,Online,90,448.54,0.22,31487.51
Asia,Lexus,Retail,400,409.92,0.07,152490.24
Europe,Honda,Online,325,130.14,0.19,34259.35
Asia,Hyundai,Retail,61,139.36,0.31,5865.66
Africa,Lexus,Online,138,67.05,0.23,7124.73
Africa,Lexus,Retail,50,171.8,0.39,5239.9
Europe,Lexus,Retail,259,499.77,0.5,64720.22
Australia,Hyundai,Online,461,205.85,0.1,85407.16
Europe,Lexus,Online,107,114.14,0.23,9403.99
Europe,Hyundai,Online,113,382.43,0.22,33707.38
Australia,Lexus,Online,350,273.52,0.15,81372.2
Australia,Nissan,Retail,254,79.05,0.1,18070.83
Australia,Honda,Retail,118,193.44,0.03,22141.14
Africa,Nissan,Online,493,210.16,0.44,58020.97
Asia,Honda,Retail,198,378.15,0.21,59150.22
Africa,Hyundai,Online,337,15.23,0.25,3849.38
Asia,Nissan,Online,365,138.16,0.46,27231.34
Africa,Lexus,Retail,51,261.21,0.39,8126.24
Asia,Honda,Retail,245,138.08,0.07,31461.53
Africa,Honda,Retail,403,316.07,0.28,91710.87
Australia,Nissan,Retail,426,243.52,0.22,80916.83
Europe,Hyundai,Retail,35,184.05,0.4,3865.05
Africa,Nissan,Retail,302,474.86,0.36,91780.94
Asia,Hyundai,Retail,410,317.92,0.35,84725.68
Australia,Hyundai,Online,499,69.32,0.17,28710.26
Africa,Honda,Online,69,282.25,0.4,11685.15
Africa,Nissan,Online,349,391.46,0.03,132520.95
Australia,Nissan,Online,320,355.7,0.08,104718.08
Africa,Hyundai,Online,421,90.18,0.17,31511.6
Europe,Nissan,Retail,468,486.35,0.04,218507.33
Africa,Lexus,Online,49,227.16,0.12,9795.14
Europe,Lexus,Online,405,83.72,0.42,19665.83
Europe,Nissan,Online,74,94.2,0.47,3694.52
Australia,Nissan,Online,192,53.63,0.15,8752.42
Africa,Hyundai,Online,261,402.74,0.13,91450.17
Australia,Lexus,Online,356,65.41,0.14,20025.93
Africa,Lexus,Online,70,66.94,0.14,4029.79
Africa,Honda,Retail,90,425.98,0.02,37571.44
Asia,Hyundai,Retail,260,175.58,0.46,24651.43
Africa,Honda,Online,126,20.27,0.11,2273.08
Australia,Lexus,Retail,231,30.69,0.21,5600.62
Europe,Hyundai,Retail,295,75.37,0.0,22234.15
Africa,Nissan,Retail,498,110.63,0.43,31403.43
Asia,Hyundai,Retail,419,334.25,0.37,88231.97
Australia,Nissan,Online,129,82.88,0.47,5666.51
Africa,Nissan,Retail,280,63.84,0.39,10903.87
Australia,Hyundai,Retail,313,383.54,0.16,100840.34
Asia,Nissan,Retail,100,337.17,0.12,29670.96
Asia,Honda,Online,326,220.49,0.35,46721.83
Australia,Lexus,Online,297,276.91,0.18,67438.66
Africa,Nissan,Online,182,159.43,0.28,20891.71
Europe,Honda,Online,174,243.84,0.0,42428.16
Asia,Nissan,Online,316,255.8,0.03,78407.82
Africa,Lexus,Online,364,196.68,0.27,52261.81
Africa,Honda,Online,188,453.75,0.28,61419.6
Europe,Lexus,Retail,57,12.95,0.38,457.65
Asia,Lexus,Retail,31,392.17,0.07,11306.26
Asia,Honda,Retail,84,66.57,0.26,4137.99
Africa,Honda,Online,152,399.79,0.1,54691.27
Africa,Honda,Online,473,309.88,0.05,139244.58
Europe,Hyundai,Online,36,422.42,0.21,12013.62
Europe,Honda,Online,213,53.27,0.08,10438.79
Asia,Honda,Online,414,281.7,0.11,103795.18
Australia,Honda,Retail,408,253.04,0.16,86721.87
Asia,Honda,Retail,364,354.57,0.13,112285.23
Africa,Nissan,Online,106,269.47,0.04,27421.27
Asia,Hyundai,Online,414,272.66,0.04,108365.99
Australia,Lexus,Online,342,217.65,0.1,66992.67
Europe,Honda,Online,220,157.87,0.03,33689.46
Australia,Nissan,Retail,391,243.72,0.31,65753.22
Australia,Nissan,Online,163,63.65,0.14,8922.46
Australia,Nissan,Online,439,480.95,0.14,181577.86
Europe,Lexus,Online,220,358.63,0.17,65485.84
Australia,Honda,Online,270,476.47,0.33,86193.42
Australia,Hyundai,Retail,120,117.23,0.44,7877.86
Australia,Hyundai,Online,394,440.27,0.38,107549.16
Africa,Nissan,Online,336,405.35,0.36,87166.46
Australia,Lexus,Retail,400,340.19,0.24,103417.76
Europe,Lexus,Retail,182,314.39,0.35,37192.34
Australia,Lexus,Retail,479,161.69,0.28,55763.65
Australia,Hyundai,Online,106,409.12,0.11,38596.38
Europe,Nissan,Online,217,253.25,0.1,49459.72
Australia,Honda,Retail,205,40.09,0.15,6985.68
Europe,Hyundai,Retail,70,159.87,0.46,6043.09
Australia,Nissan,Retail,44,467.97,0.27,15031.2
Europe,Nissan,Retail,329,426.09,0.37,88315.67
Australia,Honda,Retail,301,491.04,0.17,122676.52
Australia,Honda,Retail,228,315.86,0.2,57612.86
Africa,Honda,Online,184,127.52,0.06,22055.86
Africa,Lexus,Online,107,85.59,0.09,8333.9
Australia,Honda,Online,84,97.52,0.41,4833.09
Australia,Nissan,Retail,338,14.8,0.29,3551.7
Asia,Honda,Retail,250,198.39,0.17,41165.92
